Sr. No.,Company name,ISIN,BSE_symb, BSE_mark_cap ,NSE_symb, NSE_mark_cap ,Category,Industry_Classification,Issuer_Type,Corporate_Office_City,Zone,
1,Reliance Industries Ltd,INE002A01018,RELIANCE," 19,70,806.49 ",RELIANCE," 19,70,787.69 ",Large Cap,"Oil, Gas & Consumable Fuels",Private,Mumbai,West,
2,HDFC Bank Ltd.,INE040A01034,HDFCBANK," 15,16,760.98 ",HDFCBANK," 15,15,580.90 ",Large Cap,Financial Services,Private,Mumbai,West,
3,Bharti Airtel  Ltd.,INE397D01024,BHARTIARTL," 11,95,614.68 ",BHARTIARTL," 11,95,675.69 ",Large Cap,Telecommunication,Private,New Delhi,North,
4,Tata Consultancy Services Ltd.,INE467B01029,TCS," 11,29,582.00 ",TCS," 11,29,555.15 ",Large Cap,Information Technology,Private,Mumbai,West,
5,ICICI Bank Ltd.,INE090A01021,ICICIBANK," 9,99,123.08 ",ICICIBANK," 9,98,630.64 ",Large Cap,Financial Services,Private,Mumbai,West,
6,State Bank Of India,INE062A01020,SBIN," 8,09,938.33 ",SBIN," 8,00,557.85 ",Large Cap,Financial Services,Public,Mumbai,West,
7,Infosys Ltd,INE009A01021,INFY," 6,35,239.14 ",INFY," 6,35,103.55 ",Large Cap,Information Technology,Private,Bengaluru,South,
8,Bajaj Finance Limited,INE296A01032,BAJFINANCE," 6,08,134.07 ",BAJFINANCE," 6,07,992.94 ",Large Cap,Financial Services,Private,Pune,West,
9,Life Insurance Corporation of India,INE0J1Y01017,LICI," 5,65,211.08 ",LICI," 5,65,259.02 ",Large Cap,Financial Services,Public,Mumbai,West,
10,Hindustan Unilever Ltd.,INE030A01027,HINDUNILVR," 5,38,817.41 ",HINDUNILVR," 5,38,863.09 ",Large Cap,Fast Moving Consumer Goods,Private,Mumbai,West,
11,Larsen & Toubro Limited,INE018A01030,LT," 5,18,705.11 ",LT," 5,18,763.28 ",Large Cap,Construction,Private,Mumbai,West,
12,ITC Ltd,INE154A01025,ITC," 5,11,810.19 ",ITC," 5,11,626.19 ",Large Cap,Fast Moving Consumer Goods,Private,Kolkata,East,
13,Maruti Suzuki India  Ltd.,INE585B01010,MARUTI," 4,70,436.83 ",MARUTI," 4,70,458.29 ",Large Cap,Automobile & Auto Components,Private,New Delhi,North,
14,Mahindra & Mahindra Ltd.,INE101A01026,M&M," 4,31,855.41 ",M&M," 4,31,885.95 ",Large Cap,Automobile & Auto Components,Private,Mumbai,West,
15,HCL Technologies Ltd,INE860A01027,HCLTECH," 4,18,792.29 ",HCLTECH," 4,18,769.14 ",Large Cap,Information Technology,Private,Noida,North,
16,Kotak Mahindra Bank Ltd.,INE237A01028,KOTAKBANK," 4,15,421.99 ",KOTAKBANK," 4,15,412.27 ",Large Cap,Financial Services,Private,Mumbai,West,
17,Sun Pharmaceutical Industries Ltd.,INE044A01036,SUNPHARMA," 4,04,420.99 ",SUNPHARMA," 4,04,406.96 ",Large Cap,Healthcare,Private,Mumbai,West,
18,AXIS Bank Ltd.,INE238A01034,AXISBANK," 3,63,130.14 ",AXISBANK," 3,63,033.27 ",Large Cap,Financial Services,Private,Mumbai,West,
19,UltraTech Cement Ltd,INE481G01011,ULTRACEMCO," 3,58,018.85 ",ULTRACEMCO," 3,58,045.48 ",Large Cap,Construction Materials,Private,Mumbai,West,
20,Bajaj Finserv Limited,INE918I01026,BAJAJFINSV," 3,24,489.30 ",BAJAJFINSV," 3,24,505.59 ",Large Cap,Financial Services,Private,Pune,West,
21,Titan Company Limited,INE280A01028,TITAN," 3,23,564.13 ",TITAN," 3,23,613.06 ",Large Cap,Consumer Durables,Private,Bengaluru,South,
22,NTPC Limited,INE733E01010,NTPC," 3,23,250.29 ",NTPC," 3,23,233.75 ",Large Cap,Power,Public,New Delhi,North,
23,Hindustan Aeronautics Limited,INE066F01020,HAL," 3,09,430.25 ",HAL," 3,09,448.61 ",Large Cap,Capital Goods,Public,Bengaluru,South,
24,Adani Ports and Special Economic Zone Ltd,INE742F01042,ADANIPORTS," 3,08,622.99 ",ADANIPORTS," 3,08,664.31 ",Large Cap,Services,Private,Ahmedabad,West,
25,Oil And Natural Gas Corporation Ltd,INE213A01029,ONGC," 3,03,870.15 ",ONGC," 3,03,876.34 ",Large Cap,"Oil, Gas & Consumable Fuels",Public,New Delhi,North,
26,Eternal Limited,INE758T01015,ETERNAL," 2,97,118.98 ",ETERNAL," 2,97,138.51 ",Large Cap,Information Technology,Private,Gurugram,North,
27,Bharat Electronics Ltd.,INE263A01024,BEL," 2,93,001.17 ",BEL," 2,93,011.61 ",Large Cap,Capital Goods,Public,Bengaluru,South,
28,Adani Enterprises Ltd.,INE423A01024,ADANIENT," 2,84,353.71 ",ADANIENT," 2,79,044.81 ",Large Cap,Metals & Mining,Private,Ahmedabad,West,
29,Avenue Supermarts Limited,INE192R01011,DMART," 2,75,699.87 ",DMART," 2,75,707.96 ",Large Cap,Consumer Services,Private,Mumbai,West,
30,JSW Steel Limited,INE019A01038,JSWSTEEL," 2,70,427.03 ",JSWSTEEL," 2,70,419.85 ",Large Cap,Metals & Mining,Private,Mumbai,West,
31,Adani Power Limited,INE814H01029,ADANIPOWER," 2,64,347.71 ",ADANIPOWER," 2,64,360.10 ",Large Cap,Power,Private,Ahmedabad,West,
32,Wipro  Ltd.,INE075A01022,WIPRO," 2,63,358.28 ",WIPRO," 2,63,356.98 ",Large Cap,Information Technology,Private,Bengaluru,South,
33,POWER GRID CORPORATION OF INDIA LIMITED,INE752E01010,POWERGRID," 2,62,670.09 ",POWERGRID," 2,62,651.64 ",Large Cap,Power,Public,Gurugram,North,
34,Asian Paints Ltd.,INE021A01026,ASIANPAINT," 2,46,424.12 ",ASIANPAINT," 2,46,425.22 ",Large Cap,Consumer Durables,Private,Mumbai,West,
35,Bajaj Auto Limited,INE917I01010,BAJAJ-AUTO," 2,45,111.96 ",BAJAJ-AUTO," 2,45,143.41 ",Large Cap,Automobile & Auto Components,Private,Pune,West,
36,Coal India Limited,INE522F01014,COALINDIA," 2,37,343.05 ",COALINDIA," 2,37,339.14 ",Large Cap,"Oil, Gas & Consumable Fuels",Public,Kolkata,East,
37,Nestle India Ltd.,INE239A01024,NESTLEIND," 2,33,639.46 ",NESTLEIND," 2,33,662.03 ",Large Cap,Fast Moving Consumer Goods,Private,Gurugram,North,
38,InterGlobe Aviation Limited,INE646L01027,INDIGO," 2,19,754.62 ",INDIGO," 2,19,787.15 ",Large Cap,Services,Private,Gurugram,North,
39,Indian Oil Corporation Ltd.,INE242A01010,IOC," 2,16,854.59 ",IOC," 2,16,884.51 ",Large Cap,"Oil, Gas & Consumable Fuels",Public,New Delhi,North,
40,TATA STEEL LIMITED,INE081A01020,TATASTEEL," 2,09,335.94 ",TATASTEEL," 2,09,360.74 ",Large Cap,Metals & Mining,Private,Mumbai,West,
41,Hindustan Zinc Ltd.,INE267A01025,HINDZINC," 2,00,291.02 ",HINDZINC," 2,00,313.15 ",Large Cap,Metals & Mining,Private,Udaipur,North,
42,Jio Financial Services Limited,INE758E01017,JIOFIN," 1,97,591.78 ",JIOFIN," 1,97,608.17 ",Large Cap,Financial Services,Private,Mumbai,West,
43,HYUNDAI MOTOR INDIA LIMITED,INE0V6F01027,HYUNDAI," 1,90,810.38 ",HYUNDAI," 1,90,815.28 ",Large Cap,Automobile & Auto Components,Private,Gurugram,North,
44,Grasim Industries Ltd,INE047A01021,GRASIM," 1,90,057.04 ",GRASIM," 1,90,074.68 ",Large Cap,Textiles,Private,Mumbai,West,
45,SBI Life Insurance Company Limited,INE123W01016,SBILIFE," 1,89,233.49 ",SBILIFE," 1,89,234.15 ",Large Cap,Financial Services,Private,Mumbai,West,
46,Vedanta Limited,INE205A01025,VEDL," 1,88,331.12 ",VEDL," 1,88,351.60 ",Large Cap,Metals & Mining,Private,Mumbai,West,
47,DLF LIMITED,INE271C01023,DLF," 1,87,698.27 ",DLF," 1,87,715.12 ",Large Cap,Realty,Private,New Delhi,North,
48,Eicher Motors Ltd.,INE066A01021,EICHERMOT," 1,79,560.40 ",EICHERMOT," 1,79,584.54 ",Large Cap,Automobile & Auto Components,Private,New Delhi,North,
49,Trent Ltd [Lakme Ltd],INE849A01020,TRENT," 1,73,112.36 ",TRENT," 1,73,133.76 ",Large Cap,Consumer Services,Private,Mumbai,West,
50,Hindalco Industries Ltd.,INE038A01020,HINDALCO," 1,70,768.88 ",HINDALCO," 1,70,787.34 ",Large Cap,Metals & Mining,Private,Mumbai,West,
51,Divi's Laboratories Ltd.,INE361B01024,DIVISLAB," 1,69,468.93 ",DIVISLAB," 1,69,472.19 ",Large Cap,Healthcare,Private,Hyderabad,South,
52,HDFC LIFE INSURANCE COMPANY LIMITED,INE795G01014,HDFCLIFE," 1,64,675.65 ",HDFCLIFE," 1,64,620.82 ",Large Cap,Financial Services,Private,Mumbai,West,
53,LTIMindtree Limited,INE214T01019,LTIM," 1,63,646.75 ",LTIM," 1,63,636.65 ",Large Cap,Information Technology,Private,Mumbai,West,
54,Indian Railway Finance Corporation,INE053F01010,IRFC," 1,63,095.99 ",IRFC," 1,63,104.08 ",Large Cap,Financial Services,Public,New Delhi,North,
55,Adani Green Energy Limited,INE364U01010,ADANIGREEN," 1,63,194.78 ",ADANIGREEN," 1,62,844.92 ",Large Cap,Power,Private,Ahmedabad,West,
56,Varun Beverages Limited,INE200M01039,VBL," 1,60,499.84 ",VBL," 1,60,506.28 ",Large Cap,Fast Moving Consumer Goods,Private,Gurugram,North,
57,TVS Motor Company Ltd.,INE494B01023,TVSMOTOR," 1,58,852.14 ",TVSMOTOR," 1,58,857.10 ",Large Cap,Automobile & Auto Components,Private,Chennai,South,
58,Pidilite Industries Ltd.,INE318A01026,PIDILITIND," 1,52,292.46 ",PIDILITIND," 1,52,306.18 ",Large Cap,Chemicals,Private,Mumbai,West,
59,Bharat Petroleum Corpn. Ltd.,INE029A01011,BPCL," 1,48,424.54 ",BPCL," 1,48,449.37 ",Large Cap,"Oil, Gas & Consumable Fuels",Public,Mumbai,West,
60,Tech Mahindra Limited,INE669C01036,TECHM," 1,47,723.94 ",TECHM," 1,47,707.03 ",Large Cap,Information Technology,Private,Pune,West,
61,Bajaj Holdings & Investment Limited,INE118A01012,BAJAJHLDNG," 1,41,510.23 ",BAJAJHLDNG," 1,41,544.23 ",Large Cap,Financial Services,Private,Pune,West,
62,Britannia Industries Ltd.,INE216A01030,BRITANNIA," 1,41,269.72 ",BRITANNIA," 1,41,277.57 ",Large Cap,Fast Moving Consumer Goods,Private,Bengaluru,South,
63,Ambuja Cements Ltd.,INE079A01024,AMBUJACEM," 1,40,891.14 ",AMBUJACEM," 1,40,858.10 ",Large Cap,Construction Materials,Private,Mumbai,West,
64,Tata Capital Limited,INE976I01016,TATACAP," 1,38,787.15 ",TATACAP," 1,38,783.29 ",Large Cap,Financial Services,Private,Mumbai,West,
65,TATA MOTORS PASSENGER VEHICLES LIMITED,INE155A01022,TMPV," 1,38,377.24 ",TMPV," 1,38,382.08 ",Large Cap,Automobile & Auto Components,Private,Mumbai,West,
66,Bank Of Baroda,INE028A01039,BANKBARODA," 1,35,270.73 ",BANKBARODA," 1,35,283.90 ",Large Cap,Financial Services,Public,Vadodara,West,
67,Cholamandalam Investment and Finance Company Ltd,INE121A01024,CHOLAFIN," 1,34,986.51 ",CHOLAFIN," 1,34,895.46 ",Large Cap,Financial Services,Private,Chennai,South,
68,Shriram Finance Limited,INE721A01047,SHRIRAMFIN," 1,34,243.22 ",SHRIRAMFIN," 1,34,229.53 ",Large Cap,Financial Services,Private,Chennai,South,
69,Tata Motors Limited,INE1TAE01010,TMCV," 1,33,977.94 ",TMCV," 1,33,946.91 ",Large Cap,Automobile & Auto Components,Private,Mumbai,West,
70,Punjab National Bank,INE160A01022,PNB," 1,30,928.80 ",PNB," 1,30,939.29 ",Large Cap,Financial Services,Public,New Delhi,North,
71,ICICI Prudential Asset Management Company Limited,INE346A01027,ICICIAMC," 1,29,961.88 ",ICICIAMC," 1,29,972.07 ",Large Cap,Financial Services,Private,Mumbai,West,
72,Power Finance Corporation Ltd,INE134E01011,PFC," 1,29,277.43 ",PFC," 1,29,271.27 ",Large Cap,Financial Services,Public,New Delhi,North,
73,Solar Industries India Limited,INE343H01029,SOLARINDS," 1,27,236.78 ",SOLARINDS," 1,27,241.23 ",Large Cap,Chemicals,Private,Nagpur,West,
74,MUTHOOT FINANCE LIMITED,INE414G01012,MUTHOOTFIN," 1,25,431.07 ",MUTHOOTFIN," 1,25,444.22 ",Large Cap,Financial Services,Private,Kochi,South,
75,Tata Power Co. Ltd,INE245A01021,TATAPOWER," 1,24,846.99 ",TATAPOWER," 1,24,860.56 ",Large Cap,Power,Private,Mumbai,West,
76,Cipla Ltd.,INE059A01026,CIPLA," 1,23,546.65 ",CIPLA," 1,23,553.81 ",Large Cap,Healthcare,Private,Mumbai,West,
77,Torrent Pharmaceuticals Ltd.,INE685A01028,TORNTPHARM," 1,22,668.10 ",TORNTPHARM," 1,22,688.08 ",Large Cap,Healthcare,Private,Ahmedabad,West,
78,Godrej Consumer Products Ltd.,INE102D01028,GODREJCP," 1,21,715.49 ",GODREJCP," 1,21,701.32 ",Large Cap,Fast Moving Consumer Goods,Private,Mumbai,West,
79,Lodha Developers Limited,INE670K01029,LODHA," 1,20,421.65 ",LODHA," 1,20,401.05 ",Large Cap,Realty,Private,Mumbai,West,
80,HDFC Asset Management Company Limited,INE127D01025,HDFCAMC," 1,17,500.29 ",HDFCAMC," 1,17,480.14 ",Large Cap,Financial Services,Private,Mumbai,West,
81,Gail (India) Ltd.,INE129A01019,GAIL," 1,17,132.53 ",GAIL," 1,17,138.27 ",Large Cap,Utilities,Public,New Delhi,North,
82,Canara Bank,INE476A01022,CANBK," 1,14,295.61 ",CANBK," 1,14,315.04 ",Large Cap,Financial Services,Public,Bengaluru,South,
83,Max Healthcare Institute Limited,INE027H01010,MAXHEALTH," 1,13,898.16 ",MAXHEALTH," 1,13,887.31 ",Large Cap,Healthcare,Private,New Delhi,North,
84,Siemens Energy India Limited,INE1NPP01017,ENRIN," 1,12,972.26 ",ENRIN," 1,12,966.29 ",Large Cap,Capital Goods,Private,Mumbai,West,
85,Siemens Ltd.,INE003A01024,SIEMENS," 1,12,489.54 ",SIEMENS," 1,12,488.49 ",Large Cap,Capital Goods,Private,Mumbai,West,
86,Mazagon Dock Shipbuilders Limited,INE249Z01020,MAZDOCK," 1,12,305.49 ",MAZDOCK," 1,12,306.27 ",Large Cap,Capital Goods,Public,Mumbai,West,
87,Bosch Ltd,INE323A01026,BOSCHLTD," 1,12,075.27 ",BOSCHLTD," 1,12,069.75 ",Large Cap,Automobile & Auto Components,Private,Bengaluru,South,
88,ABB India Limited,INE117A01022,ABB," 1,11,551.92 ",ABB," 1,11,557.90 ",Large Cap,Capital Goods,Private,Bengaluru,South,
89,Samvardhana Motherson International Limited,INE775A01035,MOTHERSON," 1,11,481.18 ",MOTHERSON," 1,11,482.98 ",Large Cap,Automobile & Auto Components,Private,Noida,North,
90,Cummins India Ltd.,INE298A01020,CUMMINSIND," 1,11,413.27 ",CUMMINSIND," 1,11,430.11 ",Large Cap,Capital Goods,Private,Pune,West,
91,TATA CONSUMER PRODUCTS LIMITED,INE192A01025,TATACONSUM," 1,11,179.84 ",TATACONSUM," 1,11,203.77 ",Large Cap,Fast Moving Consumer Goods,Private,Mumbai,West,
92,CG Power and Industrial Solutions Limited,INE067A01029,CGPOWER," 1,10,919.33 ",CGPOWER," 1,09,459.40 ",Large Cap,Capital Goods,Private,Mumbai,West,
93,LG Electronics India Limited,INE324D01010,LGEINDIA," 1,09,777.98 ",LGEINDIA," 1,09,776.22 ",Large Cap,Consumer Durables,Private,Greater Noida,North,
94,Polycab India Limited,INE455K01017,POLYCAB," 1,09,480.30 ",POLYCAB," 1,09,467.88 ",Large Cap,Capital Goods,Private,Mumbai,West,
95,Union Bank of India,INE692A01016,UNIONBANK," 1,08,930.04 ",UNIONBANK," 1,08,951.30 ",Large Cap,Financial Services,Public,Mumbai,West,
96,Adani Energy Solutions Limited,INE931S01010,ADANIENSOL," 1,08,350.36 ",ADANIENSOL," 1,08,357.17 ",Large Cap,Power,Private,Ahmedabad,West,
97,Apollo Hospitals Enterprises Ltd.,INE437A01024,APOLLOHOSP," 1,07,947.81 ",APOLLOHOSP," 1,07,953.35 ",Large Cap,Healthcare,Private,Chennai,South,
98,Indian Hotels Co. Ltd,INE053A01029,INDHOTEL," 1,05,952.22 ",INDHOTEL," 1,05,954.19 ",Large Cap,Consumer Services,Private,Mumbai,West,
99,Hero MotoCorp Limited,INE158A01026,HEROMOTOCO," 1,05,539.37 ",HEROMOTOCO," 1,05,543.51 ",Large Cap,Automobile & Auto Components,Private,New Delhi,North,
100,Dr. Reddy's Laboratories Ltd.,INE089A01031,DRREDDY," 1,05,177.44 ",DRREDDY," 1,05,170.30 ",Large Cap,Healthcare,Private,Hyderabad,South,
101,Shree Cements Ltd.,INE070A01015,SHREECEM," 1,04,508.85 ",SHREECEM," 1,04,522.78 ",Mid Cap,Construction Materials,Private,Kolkata,East,
102,JINDAL STEEL LIMITED,INE749A01030,JINDALSTEL," 1,03,391.88 ",JINDALSTEL," 1,03,413.66 ",Mid Cap,Metals & Mining,Private,New Delhi,North,
103,IDBI Bank Ltd,INE008A01015,IDBI," 1,02,939.06 ",IDBI," 1,02,939.49 ",Mid Cap,Financial Services,Public,Mumbai,West,
104,SWIGGY LIMITED,INE00H001014,SWIGGY ," 1,03,022.26 ",SWIGGY," 1,02,180.65 ",Mid Cap,Consumer Services,Private,Bengaluru,South,
105,BSE Ltd.,INE118H01025,-, - ,BSE," 1,01,299.27 ",Mid Cap,Financial Services,Private,Mumbai,West,
106,Mankind Pharma Limited,INE634S01028,MANKIND," 99,913.07 ",MANKIND," 99,923.49 ",Mid Cap,Healthcare,Private,New Delhi,North,
107,Indian Bank,INE562A01011,INDIANB," 99,682.66 ",INDIANB," 99,686.08 ",Mid Cap,Financial Services,Public,Chennai,South,
108,INDUS TOWERS LIMITED,INE121J01017,INDUSTOWER," 99,636.18 ",INDUSTOWER," 99,639.12 ",Mid Cap,Telecommunication,Private,Gurugram,North,
109,United Spirits Limited,INE854D01024,UNITDSPR," 99,542.73 ",UNITDSPR," 99,548.53 ",Mid Cap,Fast Moving Consumer Goods,Private,Bengaluru,South,
110,GMR Airports Limited,INE776C01039,GMRAIRPORT," 98,984.11 ",GMRAIRPORT," 98,997.44 ",Mid Cap,Services,Private,New Delhi,North,
111,REC LIMITED,INE020B01018,RECLTD," 98,216.75 ",RECLTD," 98,212.67 ",Mid Cap,Financial Services,Public,New Delhi,North,
112,Zydus Lifesciences Limited,INE010B01027,ZYDUSLIFE," 97,833.34 ",ZYDUSLIFE," 97,840.48 ",Mid Cap,Healthcare,Private,Ahmedabad,West,
113,ICICI Lombard General Insurance Company Limited ,INE765G01017,ICICIGI," 96,784.33 ",ICICIGI," 96,700.86 ",Mid Cap,Financial Services,Private,Mumbai,West,
114,Billionbrains Garage Ventures Limited,INE0HOQ01053,GROWW," 95,901.88 ",GROWW," 95,890.42 ",Mid Cap,Consumer Services,Private,Bengaluru,South,
115,Dixon Technologies (India) Limited,INE935N01020,DIXON," 95,876.49 ",DIXON," 95,826.20 ",Mid Cap,Consumer Durables,Private,Noida,North,
116,VODAFONE IDEA LIMITED,INE669E01016,IDEA," 94,047.77 ",IDEA," 93,992.74 ",Mid Cap,Telecommunication,Private,Mumbai,West,
117,Havells India Limited,INE176B01034,HAVELLS," 93,918.19 ",HAVELLS," 93,920.58 ",Mid Cap,Consumer Durables,Private,Noida,North,
118,Marico Limited,INE196A01026,MARICO," 93,869.34 ",MARICO," 93,828.48 ",Mid Cap,Fast Moving Consumer Goods,Private,Mumbai,West,
119,Hindustan Petroleum Corporation Ltd,INE094A01015,HINDPETRO," 93,187.56 ",HINDPETRO," 93,198.71 ",Mid Cap,"Oil, Gas & Consumable Fuels",Public,Mumbai,West,
120,Waaree Energies Limited,INE377N01017,WAAREEENER," 92,834.51 ",WAAREEENER," 92,778.22 ",Mid Cap,Capital Goods,Private,Mumbai,West,
121,Bajaj Housing Finance Limited,INE377Y01014,BAJAJHFL," 91,541.61 ",BAJAJHFL," 91,537.71 ",Mid Cap,Financial Services,Private,Pune,West,
122,Dabur India Ltd.,INE016A01026,DABUR," 90,962.01 ",DABUR," 90,966.52 ",Mid Cap,Fast Moving Consumer Goods,Private,New Delhi,North,
123,Lupin Ltd,INE326A01037,LUPIN," 90,702.50 ",LUPIN," 90,701.52 ",Mid Cap,Healthcare,Private,Mumbai,West,
124,JSW Energy Limited,INE121E01018,JSWENERGY," 90,092.40 ",JSWENERGY," 90,095.94 ",Mid Cap,Power,Private,Mumbai,West,
125,ICICI Prudential Life Insurance Company Limited,INE726G01019,ICICIPRULI," 89,707.08 ",ICICIPRULI," 89,685.83 ",Mid Cap,Financial Services,Private,Mumbai,West,
126,Persistent Systems Limited,INE262H01021,PERSISTENT," 89,266.68 ",PERSISTENT," 89,034.17 ",Mid Cap,Information Technology,Private,Pune,West,
127,Bharti Hexacom Limited,INE343G01021,BHARTIHEXA," 88,892.40 ",BHARTIHEXA," 88,887.90 ",Mid Cap,Telecommunication,Private,New Delhi,North,
128,Info Edge(India) Ltd.,INE663F01032,NAUKRI," 88,707.76 ",NAUKRI," 88,709.24 ",Mid Cap,Consumer Services,Private,Noida,North,
129,SRF Ltd.,INE647A01010,SRF," 88,539.71 ",SRF," 88,555.48 ",Mid Cap,Chemicals,Private,Gurugram,North,
130,Bharat Heavy Electricals Ltd.,INE257A01026,BHEL," 87,271.84 ",BHEL," 87,278.80 ",Mid Cap,Capital Goods,Public,New Delhi,North,
131,HITACHI ENERGY INDIA LIMITED,INE07Y701011,POWERINDIA," 86,858.01 ",POWERINDIA," 86,853.67 ",Mid Cap,Capital Goods,Private,Bengaluru,South,
132,Meesho Limited,INE0VDM01015,MEESHO," 86,452.03 ",MEESHO," 86,428.26 ",Mid Cap,Consumer Services,Private,Bengaluru,South,
133,NTPC GREEN ENERGY LIMITED,INE0ONG01011,NTPCGREEN," 84,832.94 ",NTPCGREEN," 84,831.07 ",Mid Cap,Power,Public,New Delhi,North,
134,NHPC Limited,INE848E01016,NHPC," 83,001.88 ",NHPC," 83,007.07 ",Mid Cap,Power,Public,Faridabad,North,
135,PB Fintech Limited,INE417T01026,POLICYBZR," 83,049.35 ",POLICYBZR," 82,915.54 ",Mid Cap,Consumer Services,Private,Gurugram,North,
136,SBI CARDS AND PAYMENT SERVICES LIMITED,INE018E01016,SBICARD," 82,604.93 ",SBICARD," 82,608.72 ",Mid Cap,Financial Services,Private,Gurugram,North,
137,Ashok Leyland Ltd.,INE208A01029,ASHOKLEY," 82,078.91 ",ASHOKLEY," 82,093.21 ",Mid Cap,Automobile & Auto Components,Private,Chennai,South,
138,SUZLON ENERGY LTD.,INE040H01021,SUZLON," 79,526.98 ",SUZLON," 79,491.63 ",Mid Cap,Capital Goods,Private,Pune,West,
139,Aditya Birla Capital Ltd,INE674K01013,ABCAPITAL," 79,362.02 ",ABCAPITAL," 79,334.16 ",Mid Cap,Financial Services,Private,Mumbai,West,
140,One 97 Communications Limited,INE982J01020,PAYTM," 76,908.32 ",PAYTM," 76,862.92 ",Mid Cap,Consumer Services,Private,Noida,North,
141,Indian Overseas Bank,INE565A01014,IOB," 74,120.30 ",IOB," 74,113.11 ",Mid Cap,Financial Services,Public,Chennai,South,
142,Oracle Financial Services Software Limited,INE881D01027,OFSS," 74,085.04 ",OFSS," 74,059.83 ",Mid Cap,Information Technology,Private,Mumbai,West,
143,Lenskart Solutions Limited,INE956O01016,LENSKART," 73,287.72 ",LENSKART," 73,312.57 ",Mid Cap,Consumer Services,Private,Gurugram,North,
144,GE Vernova T&D India Limited,INE200A01026,GVTD," 72,679.42 ",GVT&D," 72,684.76 ",Mid Cap,Capital Goods,Private,Noida,North,
145,Rail Vikas Nigam Limited,INE415G01027,RVNL," 70,914.02 ",RVNL," 70,911.04 ",Mid Cap,Construction,Public,New Delhi,North,
146,Prestige Estates Projects Limited,INE811K01011,PRESTIGE," 70,851.82 ",PRESTIGE," 70,859.12 ",Mid Cap,Realty,Private,Bengaluru,South,
147,Lloyds Metals and Energy Limited,INE281B01032,LLOYDSME," 70,818.96 ",LLOYDSME," 70,799.22 ",Mid Cap,Metals & Mining,Private,Mumbai,West,
148,UNO Minda Limited,INE405E01023,UNOMINDA," 70,476.50 ",UNOMINDA," 70,413.15 ",Mid Cap,Automobile & Auto Components,Private,Manesar,North,
149,Fortis Healthcare Ltd,INE061F01013,FORTIS," 70,000.68 ",FORTIS," 69,998.43 ",Mid Cap,Healthcare,Private,Gurugram,North,
150,FSN E-Commerce Ventures Limited,INE388Y01029,NYKAA," 68,636.17 ",NYKAA," 68,606.35 ",Mid Cap,Consumer Services,Private,Mumbai,West,
151,Oil India Limited,INE274J01014,OIL," 68,181.46 ",OIL," 68,182.36 ",Mid Cap,"Oil, Gas & Consumable Fuels",Public,Noida,North,
152,ADANI TOTAL GAS LIMITED,INE399L01023,ATGL," 67,979.87 ",ATGL," 67,970.27 ",Mid Cap,Utilities,Private,Ahmedabad,West,
153,Coromandel International Limited,INE169A01031,COROMANDEL," 67,915.15 ",COROMANDEL," 67,892.55 ",Mid Cap,Chemicals,Private,Hyderabad,South,
154,General Insurance Corporation of India,INE481Y01014,GICRE," 66,431.89 ",GICRE," 66,432.65 ",Mid Cap,Financial Services,Public,Mumbai,West,
155,Yes Bank Ltd.,INE528G01035,YESBANK," 66,365.05 ",YESBANK," 66,347.81 ",Mid Cap,Financial Services,Private,Mumbai,West,
156,Vishal Mega Mart Limited,INE01EA01019,VMM," 66,115.14 ",VMM," 66,089.66 ",Mid Cap,Consumer Services,Private,Gurugram,North,
157,Abbott India Ltd.,INE358A01014,ABBOTINDIA," 65,871.14 ",-, - ,Mid Cap,Healthcare,Private,Mumbai,West,
158,TORRENT POWER LIMITED,INE813H01021,TORNTPOWER," 65,811.80 ",TORNTPOWER," 65,821.40 ",Mid Cap,Power,Private,Ahmedabad,West,
159,Aurobindo Pharma Ltd.,INE406A01037,AUROPHARMA," 65,677.44 ",AUROPHARMA," 65,683.64 ",Mid Cap,Healthcare,Private,Hyderabad,South,
160,NMDC Ltd,INE584A01023,NMDC," 65,186.37 ",NMDC," 65,185.61 ",Mid Cap,Metals & Mining,Public,Hyderabad,South,
161,Alkem Laboratories Limited,INE540L01014,ALKEM," 64,336.27 ",ALKEM," 64,347.50 ",Mid Cap,Healthcare,Private,Mumbai,West,
162,Berger Paints India Ltd,INE463A01038,BERGEPAINT," 64,186.04 ",BERGEPAINT," 64,192.79 ",Mid Cap,Consumer Durables,Private,Kolkata,East,
163,M.R.F. Ltd.,INE883A01011,MRF," 64,072.74 ",MRF," 64,074.43 ",Mid Cap,Automobile & Auto Components,Private,Chennai,South,
164,Patanjali Foods Limited,INE619A01035,PATANJALI," 63,746.91 ",PATANJALI," 63,679.35 ",Mid Cap,Fast Moving Consumer Goods,Private,Indore,West,
165,Godrej Properties Limited,INE484J01027,GODREJPROP," 63,667.84 ",GODREJPROP," 63,668.98 ",Mid Cap,Realty,Private,Mumbai,West,
166,HDB FINANCIAL SERVICES LIMITED,INE756I01012,HDBFS," 63,476.76 ",HDBFS," 63,482.33 ",Mid Cap,Financial Services,Private,Ahmedabad,West,
167,L&T Finance Limited,INE498L01015,LTF," 63,084.07 ",LTF," 63,048.52 ",Mid Cap,Financial Services,Private,Mumbai,West,
168,JSW Infrastructure Limited,INE880J01026,JSWINFRA," 62,718.71 ",JSWINFRA," 62,722.96 ",Mid Cap,Services,Private,Mumbai,West,
169,Schaeffler India Limited,INE513A01022,SCHAEFFLER," 62,598.42 ",SCHAEFFLER," 62,603.85 ",Mid Cap,Automobile & Auto Components,Private,Pune,West,
170,IndusInd Bank Ltd.,INE095A01012,INDUSINDBK," 62,528.05 ",INDUSINDBK," 62,528.80 ",Mid Cap,Financial Services,Private,Mumbai,West,
171,Jindal Stainless Limited,INE220G01021,JSL," 61,867.59 ",JSL," 61,849.28 ",Mid Cap,Metals & Mining,Private,New Delhi,North,
172,AU Small Finance Bank Limited,INE949L01017,AUBANK," 61,420.12 ",AUBANK," 61,378.71 ",Mid Cap,Financial Services,Private,Jaipur,North,
173,Colgate-Palmolive (India) Ltd.,INE259A01022,COLPAL," 61,273.12 ",COLPAL," 61,274.56 ",Mid Cap,Fast Moving Consumer Goods,Private,Mumbai,West,
174,OBEROI REALTY LIMITED,INE093I01010,OBEROIRLTY," 61,134.68 ",OBEROIRLTY," 61,138.39 ",Mid Cap,Realty,Private,Mumbai,West,
175,Bharat Forge Ltd,INE465A01025,BHARATFORG," 61,062.14 ",BHARATFORG," 61,069.83 ",Mid Cap,Industrial Products,Private,Pune,West,
176,Fertilizers and Chemicals Travancore Limited,INE188A01015,FACT," 59,603.70 ",FACT," 59,608.27 ",Mid Cap,Chemicals,Public,Kochi,South,
177,COFORGE LIMITED,INE591G01025,COFORGE," 59,323.62 ",COFORGE," 59,303.37 ",Mid Cap,Information Technology,Private,Noida,North,
178,UPL Limited,INE628A01036,UPL," 60,521.71 ",UPL," 56,883.31 ",Mid Cap,Chemicals,Private,Mumbai,West,
179,The Phoenix Mills Ltd.,INE211B01039,PHOENIXLTD," 57,964.35 ",PHOENIXLTD," 57,972.70 ",Mid Cap,Realty,Private,Mumbai,West,
180,Bank of India,INE084A01016,BANKINDIA," 57,802.62 ",BANKINDIA," 57,811.37 ",Mid Cap,Financial Services,Public,Mumbai,West,
181,Tube Investments of India Ltd,INE974X01010,TIINDIA," 57,612.95 ",TIINDIA," 57,620.24 ",Mid Cap,Automobile & Auto Components,Private,Chennai,South,
182,Indian Railway Catering & Tourism Corporation Ltd,INE335Y01020,IRCTC," 57,368.63 ",IRCTC," 57,370.95 ",Mid Cap,Consumer Services,Public,New Delhi,North,
183,Bharat Dynamics Limited,INE171Z01026,BDL," 57,203.13 ",BDL," 57,206.15 ",Mid Cap,Capital Goods,Public,Hyderabad,South,
184,IDFC FIRST BANK LIMITED,INE092T01019,IDFCFIRSTB," 57,664.29 ",IDFCFIRSTB," 56,605.59 ",Mid Cap,Financial Services,Private,Mumbai,West,
185,PI Industries Limited,INE603J01030,PIIND," 55,993.66 ",PIIND," 55,996.59 ",Mid Cap,Chemicals,Private,Udaipur,North,
186,Motilal Oswal Financial Services Limited,INE338I01027,MOTILALOFS," 55,870.25 ",MOTILALOFS," 55,855.06 ",Mid Cap,Financial Services,Private,Mumbai,West,
187,Glenmark Pharmaceuticals ltd,INE935A01035,GLENMARK," 55,712.57 ",GLENMARK," 55,719.39 ",Mid Cap,Healthcare,Private,Mumbai,West,
188,Max Financial Services Limited,INE180A01020,MFSL," 55,402.53 ",MFSL," 55,407.22 ",Mid Cap,Financial Services,Private,Noida,North,
189,Steel Authority of India Ltd.,INE114A01011,SAIL," 54,436.25 ",SAIL," 54,443.86 ",Mid Cap,Metals & Mining,Public,New Delhi,North,
190,Federal Bank Ltd.,INE171A01029,FEDERALBNK," 54,269.80 ",FEDERALBNK," 54,298.67 ",Mid Cap,Financial Services,Private,Aluva,South,
191,NIPPON LIFE INDIA ASSET MANAGEMENT LIMITED,INE298J01013,NAM-INDIA," 53,988.84 ",NAM-INDIA," 53,958.92 ",Mid Cap,Financial Services,Private,Mumbai,West,
192,Mphasis Limited,INE356A01018,MPHASIS," 53,515.51 ",MPHASIS," 53,505.61 ",Mid Cap,Information Technology,Private,Bengaluru,South,
193,Kalyan Jewellers India Limited,INE303R01014,KALYANKJIL," 53,383.73 ",KALYANKJIL," 53,386.45 ",Mid Cap,Consumer Durables,Private,Thrissur,South,
194,Linde India Limited,INE473A01011,LINDEINDIA," 53,245.89 ",LINDEINDIA," 53,250.35 ",Mid Cap,Chemicals,Private,Kolkata,East,
195,SUNDARAM FINANCE LTD,INE660A01013,SUNDARMFIN," 52,664.23 ",SUNDARMFIN," 52,674.25 ",Mid Cap,Financial Services,Private,Chennai,South,
196,Supreme Industries Ltd.,INE195A01028,SUPREMEIND," 51,140.48 ",SUPREMEIND," 51,150.02 ",Mid Cap,Industrial Products,Private,Mumbai,West,
197,Biocon Ltd.,INE376G01013,BIOCON," 50,156.72 ",BIOCON," 50,163.67 ",Mid Cap,Healthcare,Private,Bengaluru,South,
198,Tata Communications Limited,INE151A01013,TATACOMM," 49,907.59 ",TATACOMM," 49,916.64 ",Mid Cap,Telecommunication,Private,Mumbai,West,
199,Laurus Labs Limited,INE947Q01028,LAURUSLABS," 49,375.18 ",LAURUSLABS," 49,354.41 ",Mid Cap,Healthcare,Private,Hyderabad,South,
200,Authum Investment & Infrastructure Limited,INE206F01022,AIIL," 49,310.60 ",AIIL," 49,318.29 ",Mid Cap,Financial Services,Private,Mumbai,West,
201,Godfrey Phillips India Ltd.,INE260B01028,GODFRYPHLP," 49,052.93 ",GODFRYPHLP," 49,053.78 ",Mid Cap,Fast Moving Consumer Goods,Private,New Delhi,North,
202,J.K. CEMENT LTD,INE823G01014,JKCEMENT," 48,678.99 ",JKCEMENT," 48,693.16 ",Mid Cap,Construction Materials,Private,Kanpur,North,
203,United Breweries Ltd.,INE686F01025,UBL," 48,008.87 ",UBL," 48,008.50 ",Mid Cap,Fast Moving Consumer Goods,Private,Bengaluru,South,
204,APL Apollo Tubes Limited,INE702C01027,APLAPOLLO," 47,513.11 ",APLAPOLLO," 47,509.21 ",Mid Cap,Industrial Products,Private,Delhi NCR,North,
205,Page Industries Ltd.,INE761H01022,PAGEIND," 47,336.26 ",PAGEIND," 47,338.68 ",Mid Cap,Textiles,Private,Bengaluru,South,
206,GlaxoSmithkline Pharmaceuticals Ltd.,INE159A01016,GLAXO," 46,769.58 ",GLAXO," 46,786.06 ",Mid Cap,Healthcare,Private,Mumbai,West,
207,Balkrishna Industries Ltd.,INE787D01026,BALKRISIND," 46,618.72 ",BALKRISIND," 46,627.57 ",Mid Cap,Automobile & Auto Components,Private,Mumbai,West,
208,ITC Hotels Limited,INE379A01028,ITCHOTELS," 46,322.21 ",ITCHOTELS," 46,313.66 ",Mid Cap,Consumer Services,Private,Kolkata,East,
209,Cochin Shipyard Limited,INE704P01025,COCHINSHIP," 46,225.81 ",COCHINSHIP," 46,226.59 ",Mid Cap,Capital Goods,Public,Kochi,South,
210,Premier Energies Limited,INE0BS701011,PREMIERENE," 45,789.41 ",PREMIERENE," 45,678.34 ",Mid Cap,Capital Goods,Private,Secunderabad,South,
211,Hexaware Technologies Limited,INE093A01041,HEXT ," 45,651.85 ",HEXT," 45,634.26 ",Mid Cap,Information Technology,Private,Mumbai,West,
212,L&T Technology Services Limited,INE010V01017,LTTS," 45,463.29 ",LTTS," 45,466.68 ",Mid Cap,Information Technology,Private,Vadodara,West,
213,Voltas Ltd.,INE226A01021,VOLTAS," 45,322.25 ",VOLTAS," 45,331.92 ",Mid Cap,Consumer Durables,Private,Mumbai,West,
214,Multi Commodity Exchange of India Ltd,INE745G01035,MCX," 45,092.61 ",-, - ,Mid Cap,Financial Services,Private,Mumbai,West,
215,Housing &Urban Development Corporation Ltd.,INE031A01017,HUDCO," 44,791.80 ",HUDCO," 44,793.74 ",Mid Cap,Financial Services,Public,New Delhi,North,
216,360 ONE WAM LIMITED,INE466L01038,360ONE," 44,932.24 ",360ONE," 44,381.13 ",Mid Cap,Financial Services,Private,Mumbai,West,
217,Bank of maharashtra,INE457A01014,MAHABANK," 43,642.98 ",MAHABANK," 43,640.66 ",Mid Cap,Financial Services,Public,Pune,West,
218,Procter & Gamble Hygiene & Health Care Ltd.,INE179A01014,PGHH," 43,172.86 ",PGHH," 43,182.00 ",Mid Cap,Fast Moving Consumer Goods,Private,Mumbai,West,
219,PETRONET LNG LTD.,INE347G01014,PETRONET," 42,178.04 ",PETRONET," 42,177.03 ",Mid Cap,Utilities,Private,New Delhi,North,
220,Indian Renewable Energy Development Agency Limited,INE202E01016,IREDA," 41,747.74 ",IREDA," 41,748.52 ",Mid Cap,Financial Services,Public,New Delhi,North,
221,Anthem Biosciences Limited,INE0CZ201020,ANTHEM," 41,542.90 ",ANTHEM," 41,550.97 ",Mid Cap,Healthcare,Private,Bengaluru,South,
222,Container Corporation Of India Ltd.,INE111A01025,CONCOR," 41,501.97 ",CONCOR," 41,502.80 ",Mid Cap,Services,Public,New Delhi,North,
223,Mahindra & Mahindra Financial Services Limited,INE774D01024,M&MFIN," 41,376.19 ",M&MFIN," 41,378.34 ",Mid Cap,Financial Services,Private,Mumbai,West,
224,National Aluminium Co. Ltd.,INE139A01034,NATIONALUM," 41,313.79 ",NATIONALUM," 41,318.82 ",Mid Cap,Metals & Mining,Public,Bhubaneswar,East,
225,DALMIA BHARAT LIMITED,INE00R701025,DALBHARAT," 41,112.53 ",DALBHARAT," 41,110.64 ",Mid Cap,Construction Materials,Private,New Delhi,North,
226,Jubilant Foodworks Limited,INE797F01020,JUBLFOOD," 40,943.76 ",JUBLFOOD," 40,946.09 ",Mid Cap,Consumer Services,Private,Noida,North,
227,KAYNES TECHNOLOGY INDIA LIMITED,INE918Z01012,KAYNES," 40,788.86 ",KAYNES," 39,866.09 ",Mid Cap,Consumer Durables,Private,Mysuru,South,
228,Escorts Kubota Limited,INE042A01014,ESCORTS," 40,130.68 ",ESCORTS," 40,134.20 ",Mid Cap,Capital Goods,Private,Faridabad,North,
229,Radico Khaitan Ltd.,INE944F01028,RADICO," 40,110.83 ",RADICO," 40,108.03 ",Mid Cap,Fast Moving Consumer Goods,Private,New Delhi,North,
230,Gujarat Fluorochemicals Limited,INE09N301011,FLUOROCHEM," 39,087.82 ",FLUOROCHEM," 39,103.68 ",Mid Cap,Chemicals,Private,Noida,North,
231,Endurance Technologies Limited,INE913H01037,ENDURANCE," 38,667.47 ",ENDURANCE," 38,671.91 ",Mid Cap,Automobile & Auto Components,Private,Aurangabad,West,
232,KEI Industries Ltd.,INE878B01027,KEI," 38,632.91 ",KEI," 38,633.18 ",Mid Cap,Capital Goods,Private,New Delhi,North,
233,ASTRAL LIMITED,INE006I01046,ASTRAL," 38,626.78 ",ASTRAL," 38,629.75 ",Mid Cap,Industrial Products,Private,Ahmedabad,West,
234,Thermax Ltd.,INE152A01029,THERMAX," 38,582.74 ",THERMAX," 38,587.35 ",Mid Cap,Capital Goods,Private,Pune,West,
235,Physicswallah Limited,INE0LP301011,PWL," 38,491.00 ",PWL," 38,478.55 ",Mid Cap,Consumer Services,Private,Noida,North,
236,UCO Bank,INE691A01018,UCOBANK," 38,062.84 ",UCOBANK," 38,057.46 ",Mid Cap,Financial Services,Public,Kolkata,East,
237,Blue Star Ltd,INE472A01039,BLUESTARCO," 37,851.41 ",BLUESTARCO," 37,850.99 ",Mid Cap,Consumer Durables,Private,Mumbai,West,
238,Narayana Hrudayalaya Limited,INE410P01011,NH," 37,851.07 ",NH," 37,849.06 ",Mid Cap,Healthcare,Private,Bengaluru,South,
239,Tata Investment Corporation Ltd.,INE672A01026,TATAINVEST," 37,809.03 ",TATAINVEST," 37,805.03 ",Mid Cap,Financial Services,Private,Mumbai,West,
240,Godrej Industries Ltd.,INE233A01035,GODREJIND," 37,682.43 ",GODREJIND," 37,680.96 ",Mid Cap,Diversified,Private,Mumbai,West,
241,POONAWALLA FINCORP LIMITED,INE511C01022,POONAWALLA," 36,984.18 ",POONAWALLA," 36,348.84 ",Mid Cap,Financial Services,Private,Pune,West,
242,CRISIL Ltd.,INE007A01025,CRISIL," 36,290.82 ",CRISIL," 36,290.59 ",Mid Cap,Financial Services,Private,Mumbai,West,
243,K.P.R. Mill Ltd.,INE930H01031,KPRMILL," 36,165.54 ",KPRMILL," 36,176.60 ",Mid Cap,Textiles,Private,Coimbatore,South,
244,CHOLAMANDALAM FINANCIAL HOLDINGS LIMITED,INE149A01033,CHOLAHLDNG," 35,795.09 ",CHOLAHLDNG," 35,810.29 ",Mid Cap,Financial Services,Private,Chennai,South,
245,3M India Ltd.,INE470A01017,3MINDIA," 35,768.38 ",3MINDIA," 35,782.20 ",Mid Cap,Diversified,Private,Bengaluru,South,
246,Ipca Laboratories Ltd.,INE571A01038,IPCALAB," 35,215.54 ",IPCALAB," 35,224.58 ",Mid Cap,Healthcare,Private,Mumbai,West,
247,Piramal Finance Limited,INE202B01038,PIRAMALFIN," 35,105.31 ",PIRAMALFIN," 35,093.23 ",Mid Cap,Financial Services,Private,Mumbai,West,
248,Apar Industries Ltd,INE372A01015,APARINDS," 34,902.43 ",APARINDS," 34,909.42 ",Mid Cap,Capital Goods,Private,Mumbai,West,
249,SJVN LIMITED,INE002L01015,SJVN," 34,832.21 ",SJVN," 34,833.08 ",Mid Cap,Power,Public,Shimla,North,
250,Global Health Limited,INE474Q01031,MEDANTA," 34,761.46 ",MEDANTA," 34,755.30 ",Mid Cap,Healthcare,Private,Gurugram,North,
251,Others,NA,NA," 95,50,037.00 ",NA," 89,57,532.93 ",Small Cap,Others,Others,Others,Others,
,,,,,,,,,,,,
,,,,,,,,,,,,
,,,,,,,,,,,,
